{
	"class_name" : "PinholeCameraParameters",
	"extrinsic" : 
	[
		0.99765176661801969,
		-0.018850313411290263,
		0.065845411747826918,
		0.0,
		-0.061712858180754483,
		-0.6643877108170787,
		0.74483588316514671,
		0.0,
		0.029706492541308516,
		-0.74715034323724849,
		-0.66399088013417407,
		0.0,
		0.40166032596657986,
		-0.034285307854921454,
		0.4752746580102265,
		1.0
	],
	"intrinsic" : 
	{
		"height" : 1080,
		"intrinsic_matrix" : 
		[
			935.30743608719376,
			0.0,
			0.0,
			0.0,
			935.30743608719376,
			0.0,
			959.5,
			539.5,
			1.0
		],
		"width" : 1920
	},
	"version_major" : 1,
	"version_minor" : 0
}