{
	"class_name" : "PinholeCameraParameters",
	"extrinsic" : 
	[
		0.77960338598316081,
		0.38037617297267051,
		-0.49752640894555122,
		0.0,
		0.62594689659696479,
		-0.49891129692340502,
		0.5993980317308647,
		0.0,
		-0.020224816543531698,
		-0.77871784674352429,
		-0.6270482213984101,
		0.0,
		0.017917849271199056,
		0.013936048804207929,
		0.41721467057541073,
		1.0
	],
	"intrinsic" : 
	{
		"height" : 1080,
		"intrinsic_matrix" : 
		[
			935.30743608719376,
			0.0,
			0.0,
			0.0,
			935.30743608719376,
			0.0,
			959.5,
			539.5,
			1.0
		],
		"width" : 1920
	},
	"version_major" : 1,
	"version_minor" : 0
}